{"v":"5.9.0","fr":30,"ip":0,"op":241,"w":500,"h":500,"nm":"Loader 2","ddd":0,"assets":[{"id":"comp_0","nm":"splash","fr":30,"layers":[{"ddd":0,"ind":1,"ty":4,"nm":"SPLASH 8","sr":1,"ks":{"o":{"a":0,"k":100,"ix":11},"r":{"a":0,"k":315,"ix":10},"p":{"a":0,"k":[250,250,0],"ix":2,"l":2},"a":{"a":0,"k":[0,0,0],"ix":1,"l":2},"s":{"a":0,"k":[155,155,100],"ix":6,"l":2}},"ao":0,"shapes":[{"ty":"gr","it":[{"ind":0,"ty":"sh","ix":1,"ks":{"a":0,"k":{"i":[[0,0],[0,0]],"o":[[0,0],[0,0]],"v":[[0,-17],[0,-92]],"c":false},"ix":2},"nm":"Path 1","mn":"ADBE Vector Shape - Group","hd":false},{"ty":"st","c":{"a":0,"k":[0.439215686275,0.117647058824,0.490196078431,1],"ix":3},"o":{"a":0,"k":100,"ix":4},"w":{"a":1,"k":[{"i":{"x":[0.833],"y":[0.833]},"o":{"x":[0.167],"y":[0.167]},"t":26.5,"s":[2]},{"t":37,"s":[0]}],"ix":5},"lc":2,"lj":2,"bm":0,"nm":"Stroke 1","mn":"ADBE Vector Graphic - Stroke","hd":false},{"ty":"tr","p":{"a":0,"k":[0,0],"ix":2},"a":{"a":0,"k":[0,0],"ix":1},"s":{"a":0,"k":[100,100],"ix":3},"r":{"a":0,"k":0,"ix":6},"o":{"a":0,"k":100,"ix":7},"sk":{"a":0,"k":0,"ix":4},"sa":{"a":0,"k":0,"ix":5},"nm":"Transform"}],"nm":"Shape 1","np":2,"cix":2,"bm":0,"ix":1,"mn":"ADBE Vector Group","hd":false},{"ty":"tm","s":{"a":1,"k":[{"i":{"x":[0.529],"y":[0.756]},"o":{"x":[0.167],"y":[0.167]},"t":15.5,"s":[0]},{"i":{"x":[0.667],"y":[1]},"o":{"x":[0.139],"y":[0.738]},"t":18,"s":[33]},{"t":37,"s":[60]}],"ix":1},"e":{"a":1,"k":[{"i":{"x":[0.529],"y":[0.62]},"o":{"x":[0.167],"y":[0.167]},"t":15.5,"s":[8]},{"i":{"x":[0.667],"y":[1]},"o":{"x":[0.139],"y":[1.351]},"t":18,"s":[48.9]},{"t":37,"s":[60]}],"ix":2},"o":{"a":0,"k":0,"ix":3},"m":1,"ix":2,"nm":"Trim Paths 1","mn":"ADBE Vector Filter - Trim","hd":false}],"ip":15.5,"op":43,"st":-14,"bm":0},{"ddd":0,"ind":2,"ty":4,"nm":"SPLASH 7","sr":1,"ks":{"o":{"a":0,"k":100,"ix":11},"r":{"a":0,"k":270,"ix":10},"p":{"a":0,"k":[250,250,0],"ix":2,"l":2},"a":{"a":0,"k":[0,0,0],"ix":1,"l":2},"s":{"a":0,"k":[155,155,100],"ix":6,"l":2}},"ao":0,"shapes":[{"ty":"gr","it":[{"ind":0,"ty":"sh","ix":1,"ks":{"a":0,"k":{"i":[[0,0],[0,0]],"o":[[0,0],[0,0]],"v":[[0,-17],[0,-92]],"c":false},"ix":2},"nm":"Path 1","mn":"ADBE Vector Shape - Group","hd":false},{"ty":"st","c":{"a":0,"k":[0.439215686275,0.117647058824,0.490196078431,1],"ix":3},"o":{"a":0,"k":100,"ix":4},"w":{"a":1,"k":[{"i":{"x":[0.833],"y":[0.833]},"o":{"x":[0.167],"y":[0.167]},"t":26.5,"s":[2]},{"t":37,"s":[0]}],"ix":5},"lc":2,"lj":2,"bm":0,"nm":"Stroke 1","mn":"ADBE Vector Graphic - Stroke","hd":false},{"ty":"tr","p":{"a":0,"k":[0,0],"ix":2},"a":{"a":0,"k":[0,0],"ix":1},"s":{"a":0,"k":[100,100],"ix":3},"r":{"a":0,"k":0,"ix":6},"o":{"a":0,"k":100,"ix":7},"sk":{"a":0,"k":0,"ix":4},"sa":{"a":0,"k":0,"ix":5},"nm":"Transform"}],"nm":"Shape 1","np":2,"cix":2,"bm":0,"ix":1,"mn":"ADBE Vector Group","hd":false},{"ty":"tm","s":{"a":1,"k":[{"i":{"x":[0.529],"y":[0.756]},"o":{"x":[0.167],"y":[0.167]},"t":15.5,"s":[0]},{"i":{"x":[0.667],"y":[1]},"o":{"x":[0.139],"y":[0.738]},"t":18,"s":[33]},{"t":37,"s":[60]}],"ix":1},"e":{"a":1,"k":[{"i":{"x":[0.529],"y":[0.62]},"o":{"x":[0.167],"y":[0.167]},"t":15.5,"s":[8]},{"i":{"x":[0.667],"y":[1]},"o":{"x":[0.139],"y":[1.351]},"t":18,"s":[48.9]},{"t":37,"s":[60]}],"ix":2},"o":{"a":0,"k":0,"ix":3},"m":1,"ix":2,"nm":"Trim Paths 1","mn":"ADBE Vector Filter - Trim","hd":false}],"ip":15.5,"op":43,"st":-14,"bm":0},{"ddd":0,"ind":3,"ty":4,"nm":"SPLASH 6","sr":1,"ks":{"o":{"a":0,"k":100,"ix":11},"r":{"a":0,"k":225,"ix":10},"p":{"a":0,"k":[250,250,0],"ix":2,"l":2},"a":{"a":0,"k":[0,0,0],"ix":1,"l":2},"s":{"a":0,"k":[155,155,100],"ix":6,"l":2}},"ao":0,"shapes":[{"ty":"gr","it":[{"ind":0,"ty":"sh","ix":1,"ks":{"a":0,"k":{"i":[[0,0],[0,0]],"o":[[0,0],[0,0]],"v":[[0,-17],[0,-92]],"c":false},"ix":2},"nm":"Path 1","mn":"ADBE Vector Shape - Group","hd":false},{"ty":"st","c":{"a":0,"k":[0.439215686275,0.117647058824,0.490196078431,1],"ix":3},"o":{"a":0,"k":100,"ix":4},"w":{"a":1,"k":[{"i":{"x":[0.833],"y":[0.833]},"o":{"x":[0.167],"y":[0.167]},"t":26.5,"s":[2]},{"t":37,"s":[0]}],"ix":5},"lc":2,"lj":2,"bm":0,"nm":"Stroke 1","mn":"ADBE Vector Graphic - Stroke","hd":false},{"ty":"tr","p":{"a":0,"k":[0,0],"ix":2},"a":{"a":0,"k":[0,0],"ix":1},"s":{"a":0,"k":[100,100],"ix":3},"r":{"a":0,"k":0,"ix":6},"o":{"a":0,"k":100,"ix":7},"sk":{"a":0,"k":0,"ix":4},"sa":{"a":0,"k":0,"ix":5},"nm":"Transform"}],"nm":"Shape 1","np":2,"cix":2,"bm":0,"ix":1,"mn":"ADBE Vector Group","hd":false},{"ty":"tm","s":{"a":1,"k":[{"i":{"x":[0.529],"y":[0.756]},"o":{"x":[0.167],"y":[0.167]},"t":15.5,"s":[0]},{"i":{"x":[0.667],"y":[1]},"o":{"x":[0.139],"y":[0.738]},"t":18,"s":[33]},{"t":37,"s":[60]}],"ix":1},"e":{"a":1,"k":[{"i":{"x":[0.529],"y":[0.62]},"o":{"x":[0.167],"y":[0.167]},"t":15.5,"s":[8]},{"i":{"x":[0.667],"y":[1]},"o":{"x":[0.139],"y":[1.351]},"t":18,"s":[48.9]},{"t":37,"s":[60]}],"ix":2},"o":{"a":0,"k":0,"ix":3},"m":1,"ix":2,"nm":"Trim Paths 1","mn":"ADBE Vector Filter - Trim","hd":false}],"ip":15.5,"op":43,"st":-14,"bm":0},{"ddd":0,"ind":4,"ty":4,"nm":"SPLASH 5","sr":1,"ks":{"o":{"a":0,"k":100,"ix":11},"r":{"a":0,"k":180,"ix":10},"p":{"a":0,"k":[250,250,0],"ix":2,"l":2},"a":{"a":0,"k":[0,0,0],"ix":1,"l":2},"s":{"a":0,"k":[155,155,100],"ix":6,"l":2}},"ao":0,"shapes":[{"ty":"gr","it":[{"ind":0,"ty":"sh","ix":1,"ks":{"a":0,"k":{"i":[[0,0],[0,0]],"o":[[0,0],[0,0]],"v":[[0,-17],[0,-92]],"c":false},"ix":2},"nm":"Path 1","mn":"ADBE Vector Shape - Group","hd":false},{"ty":"st","c":{"a":0,"k":[0.439215686275,0.117647058824,0.490196078431,1],"ix":3},"o":{"a":0,"k":100,"ix":4},"w":{"a":1,"k":[{"i":{"x":[0.833],"y":[0.833]},"o":{"x":[0.167],"y":[0.167]},"t":26.5,"s":[2]},{"t":37,"s":[0]}],"ix":5},"lc":2,"lj":2,"bm":0,"nm":"Stroke 1","mn":"ADBE Vector Graphic - Stroke","hd":false},{"ty":"tr","p":{"a":0,"k":[0,0],"ix":2},"a":{"a":0,"k":[0,0],"ix":1},"s":{"a":0,"k":[100,100],"ix":3},"r":{"a":0,"k":0,"ix":6},"o":{"a":0,"k":100,"ix":7},"sk":{"a":0,"k":0,"ix":4},"sa":{"a":0,"k":0,"ix":5},"nm":"Transform"}],"nm":"Shape 1","np":2,"cix":2,"bm":0,"ix":1,"mn":"ADBE Vector Group","hd":false},{"ty":"tm","s":{"a":1,"k":[{"i":{"x":[0.529],"y":[0.756]},"o":{"x":[0.167],"y":[0.167]},"t":15.5,"s":[0]},{"i":{"x":[0.667],"y":[1]},"o":{"x":[0.139],"y":[0.738]},"t":18,"s":[33]},{"t":37,"s":[60]}],"ix":1},"e":{"a":1,"k":[{"i":{"x":[0.529],"y":[0.62]},"o":{"x":[0.167],"y":[0.167]},"t":15.5,"s":[8]},{"i":{"x":[0.667],"y":[1]},"o":{"x":[0.139],"y":[1.351]},"t":18,"s":[48.9]},{"t":37,"s":[60]}],"ix":2},"o":{"a":0,"k":0,"ix":3},"m":1,"ix":2,"nm":"Trim Paths 1","mn":"ADBE Vector Filter - Trim","hd":false}],"ip":15.5,"op":43,"st":-14,"bm":0},{"ddd":0,"ind":5,"ty":4,"nm":"SPLASH 4","sr":1,"ks":{"o":{"a":0,"k":100,"ix":11},"r":{"a":0,"k":135,"ix":10},"p":{"a":0,"k":[250,250,0],"ix":2,"l":2},"a":{"a":0,"k":[0,0,0],"ix":1,"l":2},"s":{"a":0,"k":[155,155,100],"ix":6,"l":2}},"ao":0,"shapes":[{"ty":"gr","it":[{"ind":0,"ty":"sh","ix":1,"ks":{"a":0,"k":{"i":[[0,0],[0,0]],"o":[[0,0],[0,0]],"v":[[0,-17],[0,-92]],"c":false},"ix":2},"nm":"Path 1","mn":"ADBE Vector Shape - Group","hd":false},{"ty":"st","c":{"a":0,"k":[0.439215686275,0.117647058824,0.490196078431,1],"ix":3},"o":{"a":0,"k":100,"ix":4},"w":{"a":1,"k":[{"i":{"x":[0.833],"y":[0.833]},"o":{"x":[0.167],"y":[0.167]},"t":26.5,"s":[2]},{"t":37,"s":[0]}],"ix":5},"lc":2,"lj":2,"bm":0,"nm":"Stroke 1","mn":"ADBE Vector Graphic - Stroke","hd":false},{"ty":"tr","p":{"a":0,"k":[0,0],"ix":2},"a":{"a":0,"k":[0,0],"ix":1},"s":{"a":0,"k":[100,100],"ix":3},"r":{"a":0,"k":0,"ix":6},"o":{"a":0,"k":100,"ix":7},"sk":{"a":0,"k":0,"ix":4},"sa":{"a":0,"k":0,"ix":5},"nm":"Transform"}],"nm":"Shape 1","np":2,"cix":2,"bm":0,"ix":1,"mn":"ADBE Vector Group","hd":false},{"ty":"tm","s":{"a":1,"k":[{"i":{"x":[0.529],"y":[0.756]},"o":{"x":[0.167],"y":[0.167]},"t":15.5,"s":[0]},{"i":{"x":[0.667],"y":[1]},"o":{"x":[0.139],"y":[0.738]},"t":18,"s":[33]},{"t":37,"s":[60]}],"ix":1},"e":{"a":1,"k":[{"i":{"x":[0.529],"y":[0.62]},"o":{"x":[0.167],"y":[0.167]},"t":15.5,"s":[8]},{"i":{"x":[0.667],"y":[1]},"o":{"x":[0.139],"y":[1.351]},"t":18,"s":[48.9]},{"t":37,"s":[60]}],"ix":2},"o":{"a":0,"k":0,"ix":3},"m":1,"ix":2,"nm":"Trim Paths 1","mn":"ADBE Vector Filter - Trim","hd":false}],"ip":15.5,"op":43,"st":-14,"bm":0},{"ddd":0,"ind":6,"ty":4,"nm":"SPLASH 3","sr":1,"ks":{"o":{"a":0,"k":100,"ix":11},"r":{"a":0,"k":90,"ix":10},"p":{"a":0,"k":[250,250,0],"ix":2,"l":2},"a":{"a":0,"k":[0,0,0],"ix":1,"l":2},"s":{"a":0,"k":[155,155,100],"ix":6,"l":2}},"ao":0,"shapes":[{"ty":"gr","it":[{"ind":0,"ty":"sh","ix":1,"ks":{"a":0,"k":{"i":[[0,0],[0,0]],"o":[[0,0],[0,0]],"v":[[0,-17],[0,-92]],"c":false},"ix":2},"nm":"Path 1","mn":"ADBE Vector Shape - Group","hd":false},{"ty":"st","c":{"a":0,"k":[0.439215686275,0.117647058824,0.490196078431,1],"ix":3},"o":{"a":0,"k":100,"ix":4},"w":{"a":1,"k":[{"i":{"x":[0.833],"y":[0.833]},"o":{"x":[0.167],"y":[0.167]},"t":26.5,"s":[2]},{"t":37,"s":[0]}],"ix":5},"lc":2,"lj":2,"bm":0,"nm":"Stroke 1","mn":"ADBE Vector Graphic - Stroke","hd":false},{"ty":"tr","p":{"a":0,"k":[0,0],"ix":2},"a":{"a":0,"k":[0,0],"ix":1},"s":{"a":0,"k":[100,100],"ix":3},"r":{"a":0,"k":0,"ix":6},"o":{"a":0,"k":100,"ix":7},"sk":{"a":0,"k":0,"ix":4},"sa":{"a":0,"k":0,"ix":5},"nm":"Transform"}],"nm":"Shape 1","np":2,"cix":2,"bm":0,"ix":1,"mn":"ADBE Vector Group","hd":false},{"ty":"tm","s":{"a":1,"k":[{"i":{"x":[0.529],"y":[0.756]},"o":{"x":[0.167],"y":[0.167]},"t":15.5,"s":[0]},{"i":{"x":[0.667],"y":[1]},"o":{"x":[0.139],"y":[0.738]},"t":18,"s":[33]},{"t":37,"s":[60]}],"ix":1},"e":{"a":1,"k":[{"i":{"x":[0.529],"y":[0.62]},"o":{"x":[0.167],"y":[0.167]},"t":15.5,"s":[8]},{"i":{"x":[0.667],"y":[1]},"o":{"x":[0.139],"y":[1.351]},"t":18,"s":[48.9]},{"t":37,"s":[60]}],"ix":2},"o":{"a":0,"k":0,"ix":3},"m":1,"ix":2,"nm":"Trim Paths 1","mn":"ADBE Vector Filter - Trim","hd":false}],"ip":15.5,"op":43,"st":-14,"bm":0},{"ddd":0,"ind":7,"ty":4,"nm":"SPLASH 2","sr":1,"ks":{"o":{"a":0,"k":100,"ix":11},"r":{"a":0,"k":45,"ix":10},"p":{"a":0,"k":[250,250,0],"ix":2,"l":2},"a":{"a":0,"k":[0,0,0],"ix":1,"l":2},"s":{"a":0,"k":[155,155,100],"ix":6,"l":2}},"ao":0,"shapes":[{"ty":"gr","it":[{"ind":0,"ty":"sh","ix":1,"ks":{"a":0,"k":{"i":[[0,0],[0,0]],"o":[[0,0],[0,0]],"v":[[0,-17],[0,-92]],"c":false},"ix":2},"nm":"Path 1","mn":"ADBE Vector Shape - Group","hd":false},{"ty":"st","c":{"a":0,"k":[0.439215686275,0.117647058824,0.490196078431,1],"ix":3},"o":{"a":0,"k":100,"ix":4},"w":{"a":1,"k":[{"i":{"x":[0.833],"y":[0.833]},"o":{"x":[0.167],"y":[0.167]},"t":26.5,"s":[2]},{"t":37,"s":[0]}],"ix":5},"lc":2,"lj":2,"bm":0,"nm":"Stroke 1","mn":"ADBE Vector Graphic - Stroke","hd":false},{"ty":"tr","p":{"a":0,"k":[0,0],"ix":2},"a":{"a":0,"k":[0,0],"ix":1},"s":{"a":0,"k":[100,100],"ix":3},"r":{"a":0,"k":0,"ix":6},"o":{"a":0,"k":100,"ix":7},"sk":{"a":0,"k":0,"ix":4},"sa":{"a":0,"k":0,"ix":5},"nm":"Transform"}],"nm":"Shape 1","np":2,"cix":2,"bm":0,"ix":1,"mn":"ADBE Vector Group","hd":false},{"ty":"tm","s":{"a":1,"k":[{"i":{"x":[0.529],"y":[0.756]},"o":{"x":[0.167],"y":[0.167]},"t":15.5,"s":[0]},{"i":{"x":[0.667],"y":[1]},"o":{"x":[0.139],"y":[0.738]},"t":18,"s":[33]},{"t":37,"s":[60]}],"ix":1},"e":{"a":1,"k":[{"i":{"x":[0.529],"y":[0.62]},"o":{"x":[0.167],"y":[0.167]},"t":15.5,"s":[8]},{"i":{"x":[0.667],"y":[1]},"o":{"x":[0.139],"y":[1.351]},"t":18,"s":[48.9]},{"t":37,"s":[60]}],"ix":2},"o":{"a":0,"k":0,"ix":3},"m":1,"ix":2,"nm":"Trim Paths 1","mn":"ADBE Vector Filter - Trim","hd":false}],"ip":15.5,"op":43,"st":-14,"bm":0},{"ddd":0,"ind":8,"ty":4,"nm":"SPLASH 1","sr":1,"ks":{"o":{"a":0,"k":100,"ix":11},"r":{"a":0,"k":0,"ix":10},"p":{"a":0,"k":[250,250,0],"ix":2,"l":2},"a":{"a":0,"k":[0,0,0],"ix":1,"l":2},"s":{"a":0,"k":[155,155,100],"ix":6,"l":2}},"ao":0,"shapes":[{"ty":"gr","it":[{"ind":0,"ty":"sh","ix":1,"ks":{"a":0,"k":{"i":[[0,0],[0,0]],"o":[[0,0],[0,0]],"v":[[0,-17],[0,-92]],"c":false},"ix":2},"nm":"Path 1","mn":"ADBE Vector Shape - Group","hd":false},{"ty":"st","c":{"a":0,"k":[0.439215686275,0.117647058824,0.490196078431,1],"ix":3},"o":{"a":0,"k":100,"ix":4},"w":{"a":1,"k":[{"i":{"x":[0.833],"y":[0.833]},"o":{"x":[0.167],"y":[0.167]},"t":26.5,"s":[2]},{"t":37,"s":[0]}],"ix":5},"lc":2,"lj":2,"bm":0,"nm":"Stroke 1","mn":"ADBE Vector Graphic - Stroke","hd":false},{"ty":"tr","p":{"a":0,"k":[0,0],"ix":2},"a":{"a":0,"k":[0,0],"ix":1},"s":{"a":0,"k":[100,100],"ix":3},"r":{"a":0,"k":0,"ix":6},"o":{"a":0,"k":100,"ix":7},"sk":{"a":0,"k":0,"ix":4},"sa":{"a":0,"k":0,"ix":5},"nm":"Transform"}],"nm":"Shape 1","np":2,"cix":2,"bm":0,"ix":1,"mn":"ADBE Vector Group","hd":false},{"ty":"tm","s":{"a":1,"k":[{"i":{"x":[0.529],"y":[0.756]},"o":{"x":[0.167],"y":[0.167]},"t":15.5,"s":[0]},{"i":{"x":[0.667],"y":[1]},"o":{"x":[0.139],"y":[0.738]},"t":18,"s":[33]},{"t":37,"s":[60]}],"ix":1},"e":{"a":1,"k":[{"i":{"x":[0.529],"y":[0.62]},"o":{"x":[0.167],"y":[0.167]},"t":15.5,"s":[8]},{"i":{"x":[0.667],"y":[1]},"o":{"x":[0.139],"y":[1.351]},"t":18,"s":[48.9]},{"t":37,"s":[60]}],"ix":2},"o":{"a":0,"k":0,"ix":3},"m":1,"ix":2,"nm":"Trim Paths 1","mn":"ADBE Vector Filter - Trim","hd":false}],"ip":15.5,"op":43,"st":-14,"bm":0}]}],"layers":[{"ddd":0,"ind":1,"ty":0,"nm":"splash","refId":"comp_0","sr":1,"ks":{"o":{"a":0,"k":100,"ix":11},"r":{"a":0,"k":0,"ix":10},"p":{"a":0,"k":[250,250,0],"ix":2,"l":2},"a":{"a":0,"k":[250,250,0],"ix":1,"l":2},"s":{"a":0,"k":[100,100,100],"ix":6,"l":2}},"ao":0,"w":500,"h":500,"ip":107,"op":126,"st":92,"bm":0},{"ddd":0,"ind":2,"ty":0,"nm":"splash","refId":"comp_0","sr":1,"ks":{"o":{"a":0,"k":100,"ix":11},"r":{"a":0,"k":0,"ix":10},"p":{"a":0,"k":[250,250,0],"ix":2,"l":2},"a":{"a":0,"k":[250,250,0],"ix":1,"l":2},"s":{"a":0,"k":[100,100,100],"ix":6,"l":2}},"ao":0,"w":500,"h":500,"ip":76,"op":95,"st":61,"bm":0},{"ddd":0,"ind":3,"ty":0,"nm":"splash","refId":"comp_0","sr":1,"ks":{"o":{"a":0,"k":100,"ix":11},"r":{"a":0,"k":0,"ix":10},"p":{"a":0,"k":[250,250,0],"ix":2,"l":2},"a":{"a":0,"k":[250,250,0],"ix":1,"l":2},"s":{"a":0,"k":[100,100,100],"ix":6,"l":2}},"ao":0,"w":500,"h":500,"ip":45,"op":64,"st":30,"bm":0},{"ddd":0,"ind":4,"ty":0,"nm":"splash","refId":"comp_0","sr":1,"ks":{"o":{"a":0,"k":100,"ix":11},"r":{"a":0,"k":0,"ix":10},"p":{"a":0,"k":[250,250,0],"ix":2,"l":2},"a":{"a":0,"k":[250,250,0],"ix":1,"l":2},"s":{"a":0,"k":[100,100,100],"ix":6,"l":2}},"ao":0,"w":500,"h":500,"ip":15,"op":34,"st":0,"bm":0},{"ddd":0,"ind":5,"ty":4,"nm":"Layer 13 Outlines 3","sr":1,"ks":{"o":{"a":0,"k":100,"ix":11},"r":{"a":0,"k":0,"ix":10},"p":{"a":0,"k":[250,250,0],"ix":2,"l":2},"a":{"a":0,"k":[14.527,12.752,0],"ix":1,"l":2},"s":{"a":1,"k":[{"i":{"x":[0.833,0.833,0.833],"y":[0.833,0.833,0.833]},"o":{"x":[0.167,0.167,0.167],"y":[0.167,0.167,0.167]},"t":20,"s":[100,100,100]},{"i":{"x":[0.833,0.833,0.833],"y":[0.833,0.833,0.833]},"o":{"x":[0.167,0.167,0.167],"y":[0.167,0.167,0.167]},"t":130,"s":[200,200,100]},{"t":230,"s":[100,100,100]}],"ix":6,"l":2}},"ao":0,"shapes":[{"ty":"gr","it":[{"ind":0,"ty":"sh","ix":1,"ks":{"a":0,"k":{"i":[[4.32,0],[1.968,-1.137],[-3.451,-5.979],[-4.32,0],[-1.969,1.137],[3.452,5.979]],"o":[[-2.12,0],[-5.979,3.452],[2.316,4.01],[2.121,0],[5.978,-3.451],[-2.315,-4.01]],"v":[[-0.012,-12.502],[-6.25,-10.825],[-10.826,6.25],[0.011,12.502],[6.25,10.825],[10.825,-6.25]],"c":true},"ix":2},"nm":"Path 1","mn":"ADBE Vector Shape - Group","hd":false},{"ty":"fl","c":{"a":0,"k":[0.152941176471,0.682352941176,0.376470588235,1],"ix":4},"o":{"a":0,"k":100,"ix":5},"r":1,"bm":0,"nm":"Fill 1","mn":"ADBE Vector Graphic - Fill","hd":false},{"ty":"tr","p":{"a":0,"k":[14.527,12.752],"ix":2},"a":{"a":0,"k":[0,0],"ix":1},"s":{"a":0,"k":[100,100],"ix":3},"r":{"a":0,"k":0,"ix":6},"o":{"a":0,"k":100,"ix":7},"sk":{"a":0,"k":0,"ix":4},"sa":{"a":0,"k":0,"ix":5},"nm":"Transform"}],"nm":"Group 1","np":2,"cix":2,"bm":0,"ix":1,"mn":"ADBE Vector Group","hd":false}],"ip":20,"op":220,"st":110,"bm":0},{"ddd":0,"ind":6,"ty":4,"nm":"Layer 14 Outlines 2","sr":1,"ks":{"o":{"a":1,"k":[{"i":{"x":[0.833],"y":[0.833]},"o":{"x":[0.167],"y":[0.167]},"t":0,"s":[100]},{"i":{"x":[0.833],"y":[0.833]},"o":{"x":[0.167],"y":[0.167]},"t":20,"s":[0]},{"i":{"x":[0.833],"y":[0.833]},"o":{"x":[0.167],"y":[0.167]},"t":110,"s":[0]},{"t":130,"s":[100]}],"ix":11},"r":{"a":0,"k":0,"ix":10},"p":{"a":1,"k":[{"i":{"x":0.2,"y":1},"o":{"x":0.9,"y":0},"t":0,"s":[255.987,53.141,0],"to":[-0.998,32.81,0],"ti":[0.998,-32.81,0]},{"i":{"x":0.2,"y":0.2},"o":{"x":0.333,"y":0.333},"t":20,"s":[250,250,0],"to":[0,0,0],"ti":[0,0,0]},{"i":{"x":0.667,"y":1},"o":{"x":0.333,"y":0},"t":110,"s":[250,250,0],"to":[0.998,-32.81,0],"ti":[-0.998,32.81,0]},{"t":130,"s":[255.987,53.141,0]}],"ix":2,"l":2},"a":{"a":0,"k":[12.75,12.75,0],"ix":1,"l":2},"s":{"a":0,"k":[100,100,100],"ix":6,"l":2}},"ao":0,"shapes":[{"ty":"gr","it":[{"ind":0,"ty":"sh","ix":1,"ks":{"a":0,"k":{"i":[[6.904,0],[0,-6.904],[-6.904,0],[0,6.904]],"o":[[-6.904,0],[0,6.904],[6.904,0],[0,-6.904]],"v":[[0,-12.5],[-12.5,0],[0,12.5],[12.5,0]],"c":true},"ix":2},"nm":"Path 1","mn":"ADBE Vector Shape - Group","hd":false},{"ty":"fl","c":{"a":0,"k":[0.439215686275,0.117647058824,0.490196078431,1],"ix":4},"o":{"a":0,"k":100,"ix":5},"r":1,"bm":0,"nm":"Fill 1","mn":"ADBE Vector Graphic - Fill","hd":false},{"ty":"tr","p":{"a":0,"k":[12.75,12.75],"ix":2},"a":{"a":0,"k":[0,0],"ix":1},"s":{"a":0,"k":[100,100],"ix":3},"r":{"a":0,"k":0,"ix":6},"o":{"a":0,"k":100,"ix":7},"sk":{"a":0,"k":0,"ix":4},"sa":{"a":0,"k":0,"ix":5},"nm":"Transform"}],"nm":"Group 1","np":2,"cix":2,"bm":0,"ix":1,"mn":"ADBE Vector Group","hd":false}],"ip":0,"op":276,"st":0,"bm":0},{"ddd":0,"ind":7,"ty":4,"nm":"Layer 14 Outlines","sr":1,"ks":{"o":{"a":0,"k":100,"ix":11},"r":{"a":0,"k":0,"ix":10},"p":{"a":1,"k":[{"i":{"x":0.2,"y":1},"o":{"x":0.9,"y":0},"t":0,"s":[255.987,53.141,0],"to":[-0.998,32.81,0],"ti":[0.998,-32.81,0]},{"i":{"x":0.2,"y":0.2},"o":{"x":0.333,"y":0.333},"t":20,"s":[250,250,0],"to":[0,0,0],"ti":[0,0,0]},{"i":{"x":0.667,"y":1},"o":{"x":0.333,"y":0},"t":110,"s":[250,250,0],"to":[0.998,-32.81,0],"ti":[-0.998,32.81,0]},{"t":130,"s":[255.987,53.141,0]}],"ix":2,"l":2},"a":{"a":0,"k":[12.75,12.75,0],"ix":1,"l":2},"s":{"a":0,"k":[100,100,100],"ix":6,"l":2}},"ao":0,"shapes":[{"ty":"gr","it":[{"ind":0,"ty":"sh","ix":1,"ks":{"a":0,"k":{"i":[[6.904,0],[0,-6.904],[-6.904,0],[0,6.904]],"o":[[-6.904,0],[0,6.904],[6.904,0],[0,-6.904]],"v":[[0,-12.5],[-12.5,0],[0,12.5],[12.5,0]],"c":true},"ix":2},"nm":"Path 1","mn":"ADBE Vector Shape - Group","hd":false},{"ty":"fl","c":{"a":0,"k":[0.152941176471,0.682352941176,0.376470588235,1],"ix":4},"o":{"a":0,"k":100,"ix":5},"r":1,"bm":0,"nm":"Fill 1","mn":"ADBE Vector Graphic - Fill","hd":false},{"ty":"tr","p":{"a":0,"k":[12.75,12.75],"ix":2},"a":{"a":0,"k":[0,0],"ix":1},"s":{"a":0,"k":[100,100],"ix":3},"r":{"a":0,"k":0,"ix":6},"o":{"a":0,"k":100,"ix":7},"sk":{"a":0,"k":0,"ix":4},"sa":{"a":0,"k":0,"ix":5},"nm":"Transform"}],"nm":"Group 1","np":2,"cix":2,"bm":0,"ix":1,"mn":"ADBE Vector Group","hd":false}],"ip":0,"op":276,"st":0,"bm":0},{"ddd":0,"ind":8,"ty":4,"nm":"Layer 3 Outlines","sr":1,"ks":{"o":{"a":0,"k":100,"ix":11},"r":{"a":0,"k":0,"ix":10},"p":{"a":1,"k":[{"i":{"x":0.2,"y":1},"o":{"x":0.9,"y":0},"t":10,"s":[353.614,82.509,0],"to":[-17.269,27.915,0],"ti":[17.269,-27.915,0]},{"i":{"x":0.2,"y":0.2},"o":{"x":0.333,"y":0.333},"t":30,"s":[250,250,0],"to":[0,0,0],"ti":[0,0,0]},{"i":{"x":0.667,"y":1},"o":{"x":0.333,"y":0},"t":120,"s":[250,250,0],"to":[17.269,-27.915,0],"ti":[-17.269,27.915,0]},{"t":140,"s":[353.614,82.509,0]}],"ix":2,"l":2},"a":{"a":0,"k":[14.527,14.527,0],"ix":1,"l":2},"s":{"a":0,"k":[100,100,100],"ix":6,"l":2}},"ao":0,"shapes":[{"ty":"gr","it":[{"ind":0,"ty":"sh","ix":1,"ks":{"a":0,"k":{"i":[[2.121,0],[2.315,-4.01],[-5.978,-3.451],[-2.121,0],[-2.316,4.01],[5.979,3.452]],"o":[[-4.32,0],[-3.452,5.979],[1.969,1.137],[4.319,0],[3.451,-5.979],[-1.968,-1.137]],"v":[[0.012,-12.502],[-10.825,-6.25],[-6.25,10.825],[-0.011,12.502],[10.826,6.25],[6.25,-10.825]],"c":true},"ix":2},"nm":"Path 1","mn":"ADBE Vector Shape - Group","hd":false},{"ty":"fl","c":{"a":0,"k":[0.439215686275,0.117647058824,0.490196078431,1],"ix":4},"o":{"a":0,"k":100,"ix":5},"r":1,"bm":0,"nm":"Fill 1","mn":"ADBE Vector Graphic - Fill","hd":false},{"ty":"tr","p":{"a":0,"k":[14.527,14.527],"ix":2},"a":{"a":0,"k":[0,0],"ix":1},"s":{"a":0,"k":[100,100],"ix":3},"r":{"a":0,"k":0,"ix":6},"o":{"a":0,"k":100,"ix":7},"sk":{"a":0,"k":0,"ix":4},"sa":{"a":0,"k":0,"ix":5},"nm":"Transform"}],"nm":"Group 1","np":2,"cix":2,"bm":0,"ix":1,"mn":"ADBE Vector Group","hd":false},{"ty":"gr","it":[{"ind":0,"ty":"sh","ix":1,"ks":{"a":0,"k":{"i":[[5.979,3.452],[0,0],[-3.452,5.978],[-5.979,-3.451],[3.452,-5.979]],"o":[[0,0],[-5.979,-3.452],[3.451,-5.979],[5.979,3.452],[-3.451,5.978]],"v":[[-6.25,10.825],[-6.25,10.825],[-10.825,-6.25],[6.25,-10.826],[10.825,6.25]],"c":true},"ix":2},"nm":"Path 1","mn":"ADBE Vector Shape - Group","hd":false},{"ty":"fl","c":{"a":0,"k":[0.439215686275,0.117647058824,0.490196078431,1],"ix":4},"o":{"a":0,"k":100,"ix":5},"r":1,"bm":0,"nm":"Fill 1","mn":"ADBE Vector Graphic - Fill","hd":false},{"ty":"tr","p":{"a":0,"k":[14.527,14.527],"ix":2},"a":{"a":0,"k":[0,0],"ix":1},"s":{"a":0,"k":[100,100],"ix":3},"r":{"a":0,"k":0,"ix":6},"o":{"a":0,"k":100,"ix":7},"sk":{"a":0,"k":0,"ix":4},"sa":{"a":0,"k":0,"ix":5},"nm":"Transform"}],"nm":"Group 2","np":2,"cix":2,"bm":0,"ix":2,"mn":"ADBE Vector Group","hd":false}],"ip":-11,"op":286,"st":10,"bm":0},{"ddd":0,"ind":9,"ty":4,"nm":"Layer 4 Outlines","sr":1,"ks":{"o":{"a":0,"k":100,"ix":11},"r":{"a":0,"k":0,"ix":10},"p":{"a":1,"k":[{"i":{"x":0.2,"y":1},"o":{"x":0.9,"y":0},"t":20,"s":[423.479,156.755,0],"to":[-28.913,15.541,0],"ti":[28.913,-15.541,0]},{"i":{"x":0.2,"y":0.2},"o":{"x":0.333,"y":0.333},"t":40,"s":[250,250,0],"to":[0,0,0],"ti":[0,0,0]},{"i":{"x":0.667,"y":1},"o":{"x":0.333,"y":0},"t":130,"s":[250,250,0],"to":[28.913,-15.541,0],"ti":[-28.913,15.541,0]},{"t":150,"s":[423.479,156.755,0]}],"ix":2,"l":2},"a":{"a":0,"k":[14.527,12.752,0],"ix":1,"l":2},"s":{"a":0,"k":[100,100,100],"ix":6,"l":2}},"ao":0,"shapes":[{"ty":"gr","it":[{"ind":0,"ty":"sh","ix":1,"ks":{"a":0,"k":{"i":[[4.32,0],[1.968,-1.137],[-3.451,-5.979],[-4.32,0],[-1.969,1.137],[3.452,5.979]],"o":[[-2.12,0],[-5.979,3.452],[2.316,4.01],[2.121,0],[5.978,-3.451],[-2.315,-4.01]],"v":[[-0.012,-12.502],[-6.25,-10.825],[-10.826,6.25],[0.011,12.502],[6.25,10.825],[10.825,-6.25]],"c":true},"ix":2},"nm":"Path 1","mn":"ADBE Vector Shape - Group","hd":false},{"ty":"fl","c":{"a":0,"k":[0.439215686275,0.117647058824,0.490196078431,1],"ix":4},"o":{"a":0,"k":100,"ix":5},"r":1,"bm":0,"nm":"Fill 1","mn":"ADBE Vector Graphic - Fill","hd":false},{"ty":"tr","p":{"a":0,"k":[14.527,12.752],"ix":2},"a":{"a":0,"k":[0,0],"ix":1},"s":{"a":0,"k":[100,100],"ix":3},"r":{"a":0,"k":0,"ix":6},"o":{"a":0,"k":100,"ix":7},"sk":{"a":0,"k":0,"ix":4},"sa":{"a":0,"k":0,"ix":5},"nm":"Transform"}],"nm":"Group 1","np":2,"cix":2,"bm":0,"ix":1,"mn":"ADBE Vector Group","hd":false}],"ip":-22,"op":296,"st":20,"bm":0},{"ddd":0,"ind":10,"ty":4,"nm":"Layer 5 Outlines","sr":1,"ks":{"o":{"a":0,"k":100,"ix":11},"r":{"a":0,"k":0,"ix":10},"p":{"a":1,"k":[{"i":{"x":0.2,"y":1},"o":{"x":0.9,"y":0},"t":30,"s":[446.859,255.987,0],"to":[-32.81,-0.998,0],"ti":[32.81,0.998,0]},{"i":{"x":0.2,"y":0.2},"o":{"x":0.333,"y":0.333},"t":50,"s":[250,250,0],"to":[0,0,0],"ti":[0,0,0]},{"i":{"x":0.667,"y":1},"o":{"x":0.333,"y":0},"t":140,"s":[250,250,0],"to":[32.81,0.998,0],"ti":[-32.81,-0.998,0]},{"t":160,"s":[446.859,255.987,0]}],"ix":2,"l":2},"a":{"a":0,"k":[12.75,12.75,0],"ix":1,"l":2},"s":{"a":0,"k":[100,100,100],"ix":6,"l":2}},"ao":0,"shapes":[{"ty":"gr","it":[{"ind":0,"ty":"sh","ix":1,"ks":{"a":0,"k":{"i":[[6.904,0],[0,-6.904],[-6.904,0],[0,6.904]],"o":[[-6.904,0],[0,6.904],[6.904,0],[0,-6.904]],"v":[[0,-12.5],[-12.5,0],[0,12.5],[12.5,0]],"c":true},"ix":2},"nm":"Path 1","mn":"ADBE Vector Shape - Group","hd":false},{"ty":"fl","c":{"a":0,"k":[0.439215686275,0.117647058824,0.490196078431,1],"ix":4},"o":{"a":0,"k":100,"ix":5},"r":1,"bm":0,"nm":"Fill 1","mn":"ADBE Vector Graphic - Fill","hd":false},{"ty":"tr","p":{"a":0,"k":[12.75,12.75],"ix":2},"a":{"a":0,"k":[0,0],"ix":1},"s":{"a":0,"k":[100,100],"ix":3},"r":{"a":0,"k":0,"ix":6},"o":{"a":0,"k":100,"ix":7},"sk":{"a":0,"k":0,"ix":4},"sa":{"a":0,"k":0,"ix":5},"nm":"Transform"}],"nm":"Group 1","np":2,"cix":2,"bm":0,"ix":1,"mn":"ADBE Vector Group","hd":false}],"ip":-72,"op":306,"st":30,"bm":0},{"ddd":0,"ind":11,"ty":4,"nm":"Layer 6 Outlines","sr":1,"ks":{"o":{"a":0,"k":100,"ix":11},"r":{"a":0,"k":0,"ix":10},"p":{"a":1,"k":[{"i":{"x":0.2,"y":1},"o":{"x":0.9,"y":0},"t":40,"s":[417.491,353.614,0],"to":[-27.915,-17.269,0],"ti":[27.915,17.269,0]},{"i":{"x":0.2,"y":0.2},"o":{"x":0.333,"y":0.333},"t":60,"s":[250,250,0],"to":[0,0,0],"ti":[0,0,0]},{"i":{"x":0.667,"y":1},"o":{"x":0.333,"y":0},"t":150,"s":[250,250,0],"to":[27.915,17.269,0],"ti":[-27.915,-17.269,0]},{"t":170,"s":[417.491,353.614,0]}],"ix":2,"l":2},"a":{"a":0,"k":[14.527,14.527,0],"ix":1,"l":2},"s":{"a":0,"k":[100,100,100],"ix":6,"l":2}},"ao":0,"shapes":[{"ty":"gr","it":[{"ind":0,"ty":"sh","ix":1,"ks":{"a":0,"k":{"i":[[2.121,0],[2.315,-4.01],[-5.978,-3.451],[-2.121,0],[-2.316,4.01],[5.979,3.452]],"o":[[-4.32,0],[-3.452,5.979],[1.969,1.137],[4.319,0],[3.451,-5.979],[-1.968,-1.137]],"v":[[0.012,-12.502],[-10.825,-6.25],[-6.25,10.825],[-0.011,12.502],[10.826,6.25],[6.25,-10.825]],"c":true},"ix":2},"nm":"Path 1","mn":"ADBE Vector Shape - Group","hd":false},{"ty":"fl","c":{"a":0,"k":[0.439215686275,0.117647058824,0.490196078431,1],"ix":4},"o":{"a":0,"k":100,"ix":5},"r":1,"bm":0,"nm":"Fill 1","mn":"ADBE Vector Graphic - Fill","hd":false},{"ty":"tr","p":{"a":0,"k":[14.527,14.527],"ix":2},"a":{"a":0,"k":[0,0],"ix":1},"s":{"a":0,"k":[100,100],"ix":3},"r":{"a":0,"k":0,"ix":6},"o":{"a":0,"k":100,"ix":7},"sk":{"a":0,"k":0,"ix":4},"sa":{"a":0,"k":0,"ix":5},"nm":"Transform"}],"nm":"Group 1","np":2,"cix":2,"bm":0,"ix":1,"mn":"ADBE Vector Group","hd":false},{"ty":"gr","it":[{"ind":0,"ty":"sh","ix":1,"ks":{"a":0,"k":{"i":[[-3.452,5.979],[0,0],[-5.978,-3.452],[3.451,-5.979],[5.979,3.452]],"o":[[0,0],[3.452,-5.979],[5.979,3.451],[-3.452,5.979],[-5.978,-3.451]],"v":[[-10.825,-6.25],[-10.825,-6.25],[6.25,-10.825],[10.826,6.25],[-6.25,10.825]],"c":true},"ix":2},"nm":"Path 1","mn":"ADBE Vector Shape - Group","hd":false},{"ty":"fl","c":{"a":0,"k":[0.439215686275,0.117647058824,0.490196078431,1],"ix":4},"o":{"a":0,"k":100,"ix":5},"r":1,"bm":0,"nm":"Fill 1","mn":"ADBE Vector Graphic - Fill","hd":false},{"ty":"tr","p":{"a":0,"k":[14.527,14.527],"ix":2},"a":{"a":0,"k":[0,0],"ix":1},"s":{"a":0,"k":[100,100],"ix":3},"r":{"a":0,"k":0,"ix":6},"o":{"a":0,"k":100,"ix":7},"sk":{"a":0,"k":0,"ix":4},"sa":{"a":0,"k":0,"ix":5},"nm":"Transform"}],"nm":"Group 2","np":2,"cix":2,"bm":0,"ix":2,"mn":"ADBE Vector Group","hd":false}],"ip":-62,"op":316,"st":40,"bm":0},{"ddd":0,"ind":12,"ty":4,"nm":"Layer 7 Outlines","sr":1,"ks":{"o":{"a":0,"k":100,"ix":11},"r":{"a":0,"k":0,"ix":10},"p":{"a":1,"k":[{"i":{"x":0.2,"y":1},"o":{"x":0.9,"y":0},"t":50,"s":[343.245,423.478,0],"to":[-15.541,-28.913,0],"ti":[15.541,28.913,0]},{"i":{"x":0.2,"y":0.2},"o":{"x":0.333,"y":0.333},"t":70,"s":[250,250,0],"to":[0,0,0],"ti":[0,0,0]},{"i":{"x":0.667,"y":1},"o":{"x":0.333,"y":0},"t":160,"s":[250,250,0],"to":[15.541,28.913,0],"ti":[-15.541,-28.913,0]},{"t":180,"s":[343.245,423.478,0]}],"ix":2,"l":2},"a":{"a":0,"k":[14.527,12.752,0],"ix":1,"l":2},"s":{"a":0,"k":[100,100,100],"ix":6,"l":2}},"ao":0,"shapes":[{"ty":"gr","it":[{"ind":0,"ty":"sh","ix":1,"ks":{"a":0,"k":{"i":[[4.32,0],[1.968,-1.137],[-3.451,-5.979],[-4.32,0],[-1.969,1.137],[3.452,5.979]],"o":[[-2.12,0],[-5.979,3.452],[2.316,4.01],[2.121,0],[5.978,-3.451],[-2.315,-4.01]],"v":[[-0.012,-12.502],[-6.25,-10.825],[-10.826,6.25],[0.011,12.502],[6.25,10.825],[10.825,-6.25]],"c":true},"ix":2},"nm":"Path 1","mn":"ADBE Vector Shape - Group","hd":false},{"ty":"fl","c":{"a":0,"k":[0.439215686275,0.117647058824,0.490196078431,1],"ix":4},"o":{"a":0,"k":100,"ix":5},"r":1,"bm":0,"nm":"Fill 1","mn":"ADBE Vector Graphic - Fill","hd":false},{"ty":"tr","p":{"a":0,"k":[14.527,12.752],"ix":2},"a":{"a":0,"k":[0,0],"ix":1},"s":{"a":0,"k":[100,100],"ix":3},"r":{"a":0,"k":0,"ix":6},"o":{"a":0,"k":100,"ix":7},"sk":{"a":0,"k":0,"ix":4},"sa":{"a":0,"k":0,"ix":5},"nm":"Transform"}],"nm":"Group 1","np":2,"cix":2,"bm":0,"ix":1,"mn":"ADBE Vector Group","hd":false}],"ip":-52,"op":326,"st":50,"bm":0},{"ddd":0,"ind":13,"ty":4,"nm":"Layer 8 Outlines","sr":1,"ks":{"o":{"a":0,"k":100,"ix":11},"r":{"a":0,"k":0,"ix":10},"p":{"a":1,"k":[{"i":{"x":0.2,"y":1},"o":{"x":0.9,"y":0},"t":60,"s":[244.013,446.859,0],"to":[0.998,-32.81,0],"ti":[-0.998,32.81,0]},{"i":{"x":0.2,"y":0.2},"o":{"x":0.333,"y":0.333},"t":80,"s":[250,250,0],"to":[0,0,0],"ti":[0,0,0]},{"i":{"x":0.667,"y":1},"o":{"x":0.333,"y":0},"t":170,"s":[250,250,0],"to":[-0.998,32.81,0],"ti":[0.998,-32.81,0]},{"t":190,"s":[244.013,446.859,0]}],"ix":2,"l":2},"a":{"a":0,"k":[12.75,12.75,0],"ix":1,"l":2},"s":{"a":0,"k":[100,100,100],"ix":6,"l":2}},"ao":0,"shapes":[{"ty":"gr","it":[{"ind":0,"ty":"sh","ix":1,"ks":{"a":0,"k":{"i":[[6.904,0],[0,-6.904],[-6.904,0],[0,6.904]],"o":[[-6.904,0],[0,6.904],[6.904,0],[0,-6.904]],"v":[[0,-12.5],[-12.5,0],[0,12.5],[12.5,0]],"c":true},"ix":2},"nm":"Path 1","mn":"ADBE Vector Shape - Group","hd":false},{"ty":"fl","c":{"a":0,"k":[0.439215686275,0.117647058824,0.490196078431,1],"ix":4},"o":{"a":0,"k":100,"ix":5},"r":1,"bm":0,"nm":"Fill 1","mn":"ADBE Vector Graphic - Fill","hd":false},{"ty":"tr","p":{"a":0,"k":[12.75,12.75],"ix":2},"a":{"a":0,"k":[0,0],"ix":1},"s":{"a":0,"k":[100,100],"ix":3},"r":{"a":0,"k":0,"ix":6},"o":{"a":0,"k":100,"ix":7},"sk":{"a":0,"k":0,"ix":4},"sa":{"a":0,"k":0,"ix":5},"nm":"Transform"}],"nm":"Group 1","np":2,"cix":2,"bm":0,"ix":1,"mn":"ADBE Vector Group","hd":false}],"ip":-173,"op":336,"st":60,"bm":0},{"ddd":0,"ind":14,"ty":4,"nm":"Layer 9 Outlines","sr":1,"ks":{"o":{"a":0,"k":100,"ix":11},"r":{"a":0,"k":0,"ix":10},"p":{"a":1,"k":[{"i":{"x":0.2,"y":1},"o":{"x":0.9,"y":0},"t":70,"s":[146.386,417.491,0],"to":[17.269,-27.915,0],"ti":[-17.269,27.915,0]},{"i":{"x":0.2,"y":0.2},"o":{"x":0.333,"y":0.333},"t":90,"s":[250,250,0],"to":[0,0,0],"ti":[0,0,0]},{"i":{"x":0.667,"y":1},"o":{"x":0.333,"y":0},"t":180,"s":[250,250,0],"to":[-17.269,27.915,0],"ti":[17.269,-27.915,0]},{"t":200,"s":[146.386,417.491,0]}],"ix":2,"l":2},"a":{"a":0,"k":[14.527,14.527,0],"ix":1,"l":2},"s":{"a":0,"k":[100,100,100],"ix":6,"l":2}},"ao":0,"shapes":[{"ty":"gr","it":[{"ind":0,"ty":"sh","ix":1,"ks":{"a":0,"k":{"i":[[2.121,0],[2.315,-4.01],[-5.978,-3.451],[-2.121,0],[-2.316,4.01],[5.979,3.452]],"o":[[-4.32,0],[-3.452,5.979],[1.969,1.137],[4.32,0],[3.451,-5.979],[-1.968,-1.137]],"v":[[0.012,-12.502],[-10.825,-6.25],[-6.25,10.825],[-0.011,12.502],[10.826,6.25],[6.25,-10.825]],"c":true},"ix":2},"nm":"Path 1","mn":"ADBE Vector Shape - Group","hd":false},{"ty":"fl","c":{"a":0,"k":[0.439215686275,0.117647058824,0.490196078431,1],"ix":4},"o":{"a":0,"k":100,"ix":5},"r":1,"bm":0,"nm":"Fill 1","mn":"ADBE Vector Graphic - Fill","hd":false},{"ty":"tr","p":{"a":0,"k":[14.527,14.527],"ix":2},"a":{"a":0,"k":[0,0],"ix":1},"s":{"a":0,"k":[100,100],"ix":3},"r":{"a":0,"k":0,"ix":6},"o":{"a":0,"k":100,"ix":7},"sk":{"a":0,"k":0,"ix":4},"sa":{"a":0,"k":0,"ix":5},"nm":"Transform"}],"nm":"Group 1","np":2,"cix":2,"bm":0,"ix":1,"mn":"ADBE Vector Group","hd":false},{"ty":"gr","it":[{"ind":0,"ty":"sh","ix":1,"ks":{"a":0,"k":{"i":[[-5.979,-3.452],[0,0],[3.452,-5.978],[5.979,3.451],[-3.452,5.979]],"o":[[0,0],[5.979,3.452],[-3.451,5.979],[-5.979,-3.452],[3.451,-5.978]],"v":[[6.25,-10.825],[6.25,-10.825],[10.825,6.25],[-6.25,10.826],[-10.825,-6.25]],"c":true},"ix":2},"nm":"Path 1","mn":"ADBE Vector Shape - Group","hd":false},{"ty":"fl","c":{"a":0,"k":[0.439215686275,0.117647058824,0.490196078431,1],"ix":4},"o":{"a":0,"k":100,"ix":5},"r":1,"bm":0,"nm":"Fill 1","mn":"ADBE Vector Graphic - Fill","hd":false},{"ty":"tr","p":{"a":0,"k":[14.527,14.527],"ix":2},"a":{"a":0,"k":[0,0],"ix":1},"s":{"a":0,"k":[100,100],"ix":3},"r":{"a":0,"k":0,"ix":6},"o":{"a":0,"k":100,"ix":7},"sk":{"a":0,"k":0,"ix":4},"sa":{"a":0,"k":0,"ix":5},"nm":"Transform"}],"nm":"Group 2","np":2,"cix":2,"bm":0,"ix":2,"mn":"ADBE Vector Group","hd":false}],"ip":-163,"op":346,"st":70,"bm":0},{"ddd":0,"ind":15,"ty":4,"nm":"Layer 10 Outlines","sr":1,"ks":{"o":{"a":0,"k":100,"ix":11},"r":{"a":0,"k":0,"ix":10},"p":{"a":1,"k":[{"i":{"x":0.2,"y":1},"o":{"x":0.9,"y":0},"t":80,"s":[76.522,343.245,0],"to":[28.913,-15.541,0],"ti":[-28.913,15.541,0]},{"i":{"x":0.2,"y":0.2},"o":{"x":0.333,"y":0.333},"t":100,"s":[250,250,0],"to":[0,0,0],"ti":[0,0,0]},{"i":{"x":0.667,"y":1},"o":{"x":0.333,"y":0},"t":190,"s":[250,250,0],"to":[-28.913,15.541,0],"ti":[28.913,-15.541,0]},{"t":210,"s":[76.522,343.245,0]}],"ix":2,"l":2},"a":{"a":0,"k":[14.527,12.752,0],"ix":1,"l":2},"s":{"a":0,"k":[100,100,100],"ix":6,"l":2}},"ao":0,"shapes":[{"ty":"gr","it":[{"ind":0,"ty":"sh","ix":1,"ks":{"a":0,"k":{"i":[[4.32,0],[1.968,-1.137],[-3.451,-5.979],[-4.32,0],[-1.969,1.137],[3.452,5.979]],"o":[[-2.12,0],[-5.979,3.452],[2.316,4.01],[2.121,0],[5.978,-3.451],[-2.315,-4.01]],"v":[[-0.012,-12.502],[-6.25,-10.825],[-10.826,6.25],[0.011,12.502],[6.25,10.825],[10.825,-6.25]],"c":true},"ix":2},"nm":"Path 1","mn":"ADBE Vector Shape - Group","hd":false},{"ty":"fl","c":{"a":0,"k":[0.439215686275,0.117647058824,0.490196078431,1],"ix":4},"o":{"a":0,"k":100,"ix":5},"r":1,"bm":0,"nm":"Fill 1","mn":"ADBE Vector Graphic - Fill","hd":false},{"ty":"tr","p":{"a":0,"k":[14.527,12.752],"ix":2},"a":{"a":0,"k":[0,0],"ix":1},"s":{"a":0,"k":[100,100],"ix":3},"r":{"a":0,"k":0,"ix":6},"o":{"a":0,"k":100,"ix":7},"sk":{"a":0,"k":0,"ix":4},"sa":{"a":0,"k":0,"ix":5},"nm":"Transform"}],"nm":"Group 1","np":2,"cix":2,"bm":0,"ix":1,"mn":"ADBE Vector Group","hd":false}],"ip":-153,"op":356,"st":80,"bm":0},{"ddd":0,"ind":16,"ty":4,"nm":"Layer 11 Outlines","sr":1,"ks":{"o":{"a":0,"k":100,"ix":11},"r":{"a":0,"k":0,"ix":10},"p":{"a":1,"k":[{"i":{"x":0.2,"y":1},"o":{"x":0.9,"y":0},"t":90,"s":[53.141,244.013,0],"to":[32.81,0.998,0],"ti":[-32.81,-0.998,0]},{"i":{"x":0.2,"y":0.2},"o":{"x":0.333,"y":0.333},"t":110,"s":[250,250,0],"to":[0,0,0],"ti":[0,0,0]},{"i":{"x":0.667,"y":1},"o":{"x":0.333,"y":0},"t":200,"s":[250,250,0],"to":[-32.81,-0.998,0],"ti":[32.81,0.998,0]},{"t":220,"s":[53.141,244.013,0]}],"ix":2,"l":2},"a":{"a":0,"k":[12.75,12.75,0],"ix":1,"l":2},"s":{"a":0,"k":[100,100,100],"ix":6,"l":2}},"ao":0,"shapes":[{"ty":"gr","it":[{"ind":0,"ty":"sh","ix":1,"ks":{"a":0,"k":{"i":[[6.904,0],[0,-6.904],[-6.904,0],[0,6.904]],"o":[[-6.904,0],[0,6.904],[6.904,0],[0,-6.904]],"v":[[0,-12.5],[-12.5,0],[0,12.5],[12.5,0]],"c":true},"ix":2},"nm":"Path 1","mn":"ADBE Vector Shape - Group","hd":false},{"ty":"fl","c":{"a":0,"k":[0.439215686275,0.117647058824,0.490196078431,1],"ix":4},"o":{"a":0,"k":100,"ix":5},"r":1,"bm":0,"nm":"Fill 1","mn":"ADBE Vector Graphic - Fill","hd":false},{"ty":"tr","p":{"a":0,"k":[12.75,12.75],"ix":2},"a":{"a":0,"k":[0,0],"ix":1},"s":{"a":0,"k":[100,100],"ix":3},"r":{"a":0,"k":0,"ix":6},"o":{"a":0,"k":100,"ix":7},"sk":{"a":0,"k":0,"ix":4},"sa":{"a":0,"k":0,"ix":5},"nm":"Transform"}],"nm":"Group 1","np":2,"cix":2,"bm":0,"ix":1,"mn":"ADBE Vector Group","hd":false}],"ip":-143,"op":366,"st":90,"bm":0},{"ddd":0,"ind":17,"ty":4,"nm":"Layer 12 Outlines","sr":1,"ks":{"o":{"a":0,"k":100,"ix":11},"r":{"a":0,"k":0,"ix":10},"p":{"a":1,"k":[{"i":{"x":0.2,"y":1},"o":{"x":0.9,"y":0},"t":100,"s":[82.508,146.386,0],"to":[27.915,17.269,0],"ti":[-27.915,-17.269,0]},{"i":{"x":0.2,"y":0.2},"o":{"x":0.333,"y":0.333},"t":120,"s":[250,250,0],"to":[0,0,0],"ti":[0,0,0]},{"i":{"x":0.667,"y":1},"o":{"x":0.333,"y":0},"t":210,"s":[250,250,0],"to":[-27.915,-17.269,0],"ti":[27.915,17.269,0]},{"t":230,"s":[82.508,146.386,0]}],"ix":2,"l":2},"a":{"a":0,"k":[14.527,14.527,0],"ix":1,"l":2},"s":{"a":0,"k":[100,100,100],"ix":6,"l":2}},"ao":0,"shapes":[{"ty":"gr","it":[{"ind":0,"ty":"sh","ix":1,"ks":{"a":0,"k":{"i":[[2.121,0],[2.315,-4.01],[-5.978,-3.451],[-2.121,0],[-2.316,4.01],[5.979,3.452]],"o":[[-4.32,0],[-3.452,5.979],[1.969,1.137],[4.319,0],[3.451,-5.979],[-1.968,-1.137]],"v":[[0.012,-12.502],[-10.825,-6.25],[-6.25,10.825],[-0.011,12.502],[10.826,6.25],[6.25,-10.825]],"c":true},"ix":2},"nm":"Path 1","mn":"ADBE Vector Shape - Group","hd":false},{"ty":"fl","c":{"a":0,"k":[0.439215686275,0.117647058824,0.490196078431,1],"ix":4},"o":{"a":0,"k":100,"ix":5},"r":1,"bm":0,"nm":"Fill 1","mn":"ADBE Vector Graphic - Fill","hd":false},{"ty":"tr","p":{"a":0,"k":[14.527,14.527],"ix":2},"a":{"a":0,"k":[0,0],"ix":1},"s":{"a":0,"k":[100,100],"ix":3},"r":{"a":0,"k":0,"ix":6},"o":{"a":0,"k":100,"ix":7},"sk":{"a":0,"k":0,"ix":4},"sa":{"a":0,"k":0,"ix":5},"nm":"Transform"}],"nm":"Group 1","np":2,"cix":2,"bm":0,"ix":1,"mn":"ADBE Vector Group","hd":false},{"ty":"gr","it":[{"ind":0,"ty":"sh","ix":1,"ks":{"a":0,"k":{"i":[[3.452,-5.979],[0,0],[5.978,3.452],[-3.451,5.979],[-5.979,-3.452]],"o":[[0,0],[-3.452,5.979],[-5.979,-3.451],[3.452,-5.979],[5.978,3.451]],"v":[[10.825,6.25],[10.825,6.25],[-6.25,10.825],[-10.826,-6.25],[6.25,-10.825]],"c":true},"ix":2},"nm":"Path 1","mn":"ADBE Vector Shape - Group","hd":false},{"ty":"fl","c":{"a":0,"k":[0.439215686275,0.117647058824,0.490196078431,1],"ix":4},"o":{"a":0,"k":100,"ix":5},"r":1,"bm":0,"nm":"Fill 1","mn":"ADBE Vector Graphic - Fill","hd":false},{"ty":"tr","p":{"a":0,"k":[14.528,14.527],"ix":2},"a":{"a":0,"k":[0,0],"ix":1},"s":{"a":0,"k":[100,100],"ix":3},"r":{"a":0,"k":0,"ix":6},"o":{"a":0,"k":100,"ix":7},"sk":{"a":0,"k":0,"ix":4},"sa":{"a":0,"k":0,"ix":5},"nm":"Transform"}],"nm":"Group 2","np":2,"cix":2,"bm":0,"ix":2,"mn":"ADBE Vector Group","hd":false}],"ip":-133,"op":376,"st":100,"bm":0},{"ddd":0,"ind":18,"ty":4,"nm":"Layer 13 Outlines","sr":1,"ks":{"o":{"a":0,"k":100,"ix":11},"r":{"a":0,"k":0,"ix":10},"p":{"a":1,"k":[{"i":{"x":0.2,"y":1},"o":{"x":0.9,"y":0},"t":110,"s":[156.755,76.522,0],"to":[15.541,28.913,0],"ti":[-15.541,-28.913,0]},{"i":{"x":0.2,"y":0.2},"o":{"x":0.333,"y":0.333},"t":130,"s":[250,250,0],"to":[0,0,0],"ti":[0,0,0]},{"i":{"x":0.667,"y":1},"o":{"x":0.333,"y":0},"t":220,"s":[250,250,0],"to":[-15.541,-28.913,0],"ti":[15.541,28.913,0]},{"t":240,"s":[156.755,76.522,0]}],"ix":2,"l":2},"a":{"a":0,"k":[14.527,12.752,0],"ix":1,"l":2},"s":{"a":0,"k":[100,100,100],"ix":6,"l":2}},"ao":0,"shapes":[{"ty":"gr","it":[{"ind":0,"ty":"sh","ix":1,"ks":{"a":0,"k":{"i":[[4.32,0],[1.968,-1.137],[-3.451,-5.979],[-4.32,0],[-1.969,1.137],[3.452,5.979]],"o":[[-2.12,0],[-5.979,3.452],[2.316,4.01],[2.121,0],[5.978,-3.451],[-2.315,-4.01]],"v":[[-0.012,-12.502],[-6.25,-10.825],[-10.826,6.25],[0.011,12.502],[6.25,10.825],[10.825,-6.25]],"c":true},"ix":2},"nm":"Path 1","mn":"ADBE Vector Shape - Group","hd":false},{"ty":"fl","c":{"a":0,"k":[0.439215686275,0.117647058824,0.490196078431,1],"ix":4},"o":{"a":0,"k":100,"ix":5},"r":1,"bm":0,"nm":"Fill 1","mn":"ADBE Vector Graphic - Fill","hd":false},{"ty":"tr","p":{"a":0,"k":[14.527,12.752],"ix":2},"a":{"a":0,"k":[0,0],"ix":1},"s":{"a":0,"k":[100,100],"ix":3},"r":{"a":0,"k":0,"ix":6},"o":{"a":0,"k":100,"ix":7},"sk":{"a":0,"k":0,"ix":4},"sa":{"a":0,"k":0,"ix":5},"nm":"Transform"}],"nm":"Group 1","np":2,"cix":2,"bm":0,"ix":1,"mn":"ADBE Vector Group","hd":false}],"ip":-123,"op":290,"st":110,"bm":0}],"markers":[]}